seats_count,total_amount,bookings_last_1min,bookings_last_10min,same_device_flag,duplicate_route_flag,account_age_days,night_booking_flag,cancellation_history_ratio,label
10,37420,0,4,1,1,39,0,0.17,1
8,24128,3,3,1,0,63,0,0.12,1
2,7240,0,2,1,0,14,0,0.93,1
9,33156,0,5,0,1,302,0,0.21,0
9,27981,1,5,1,1,44,1,0.44,1
1,3378,2,1,1,1,299,1,0.79,1
1,3932,0,5,0,0,73,0,0.38,0
1,2476,3,5,0,1,226,0,0.1,0
3,9399,1,4,1,0,243,0,0.47,0
6,17070,2,3,1,0,289,1,0.13,0
9,25929,0,6,1,1,68,0,0.9,1
4,15804,4,1,1,0,319,0,0.73,1
8,22072,3,4,0,0,252,1,0.88,1
6,14568,2,2,1,1,318,0,0.06,0
2,6594,2,0,0,1,17,0,0.05,0
8,17624,4,4,1,0,153,0,0.37,1
7,21938,3,5,0,0,317,1,0.35,0
8,21032,3,6,1,0,306,0,0.58,1
2,7222,0,4,1,1,95,0,0.67,0
3,9306,2,0,0,0,39,1,0.78,0
7,23177,0,4,1,1,46,1,0.97,1
9,34722,3,3,0,0,346,0,0.91,1
6,17646,1,6,0,0,33,1,0.29,0
6,12324,0,5,0,1,208,1,0.68,0
8,20136,3,5,1,1,227,1,0.14,1
7,27426,4,3,1,1,310,0,0.94,1
8,30544,0,5,1,1,157,0,0.75,1
2,5324,0,1,0,0,141,0,0.58,0
9,31338,1,5,0,0,154,0,0.93,1
9,22320,3,3,1,0,58,1,0.4,1
1,2741,4,1,0,1,217,1,0.22,0
6,21774,3,3,0,1,67,0,0.11,0
4,15228,3,3,0,0,257,1,0.73,1
7,15834,4,0,1,1,56,0,0.57,1
4,9256,0,0,0,1,351,1,0.35,0
3,9537,1,6,0,1,306,0,0.79,0
7,18291,2,2,0,1,65,0,0.75,0
10,30240,0,4,0,1,218,1,0.79,1
4,11428,3,2,1,1,62,0,0.67,1
3,10299,1,3,0,1,71,0,0.11,0
7,21084,3,1,0,1,11,1,0.21,0
9,31563,1,2,1,1,281,0,0.07,1
5,10960,1,5,1,0,151,1,0.12,0
2,4728,1,6,1,0,15,0,0.14,0
7,20461,1,6,1,1,173,0,0.21,0
3,11763,4,5,1,0,100,1,0.8,1
2,5352,1,4,1,0,37,1,0.28,0
3,10506,1,4,0,0,245,0,0.74,0
4,10528,3,2,0,1,348,1,0.19,0
3,6078,1,1,1,0,193,0,0.84,1
4,10636,1,3,0,1,244,0,0.58,0
7,22988,1,3,0,1,278,1,0.36,0
7,15253,3,1,1,0,198,1,0.82,1
8,18984,0,2,0,1,24,0,0.14,0
8,27792,0,5,1,1,178,0,0.0,1
9,34101,4,1,0,1,81,0,0.45,1
2,4682,1,4,1,0,264,1,0.3,0
8,26616,3,5,1,1,3,1,0.45,1
9,24291,2,1,0,1,21,1,0.14,0
3,7668,1,3,1,0,354,1,0.63,0
4,9564,2,4,1,0,117,1,0.95,1
10,33650,4,2,1,1,275,0,0.17,1
8,28168,0,2,1,0,55,0,0.01,1
4,14804,2,3,0,0,185,1,0.87,0
6,17094,4,4,0,0,79,0,0.75,1
3,10263,4,6,1,0,249,1,0.32,1
10,30050,0,0,0,0,301,0,0.07,0
7,17969,2,6,0,0,23,1,0.89,0
8,24008,4,3,1,1,50,0,0.04,1
6,20226,1,2,1,0,91,0,0.08,0
6,16818,4,4,1,1,333,0,0.38,1
6,17562,1,4,0,0,278,0,0.31,0
3,8703,4,6,0,0,297,0,0.2,0
2,7578,2,5,0,1,67,1,0.47,0
2,6210,2,3,1,0,336,1,0.8,1
3,6594,2,1,1,0,112,1,0.27,0
6,13482,3,6,0,1,340,1,0.22,0
5,16060,4,2,0,0,251,1,0.77,1
10,29950,2,1,1,1,19,0,0.26,1
1,3424,3,2,1,1,299,0,0.81,1
8,18280,3,5,0,0,338,0,0.23,1
6,20298,0,6,0,1,287,1,0.86,0
6,18882,0,6,0,0,326,1,0.49,0
1,2324,4,4,0,1,290,1,0.73,1
4,8680,4,4,1,1,295,1,0.04,1
1,3406,0,4,1,0,299,0,0.99,1
10,23250,3,0,0,1,56,0,0.67,1
1,2996,3,3,1,1,342,1,0.01,1
10,39110,2,3,1,0,119,0,0.82,1
2,7072,0,2,0,1,307,1,0.53,0
5,11915,0,6,1,0,106,0,0.29,0
6,18066,4,4,1,1,274,1,0.09,1
2,5590,3,0,0,0,38,1,0.96,1
10,25240,1,5,0,0,266,1,0.2,0
2,6144,4,4,0,1,145,1,0.12,0
10,25690,2,3,0,1,270,0,1.0,1
8,27240,1,5,0,0,168,1,0.54,0
5,19875,2,6,0,1,158,1,0.87,0
5,19075,0,6,1,0,106,0,0.96,1
8,22096,2,2,1,1,44,1,0.45,1
6,23118,3,5,1,1,304,1,0.54,1
7,17976,3,3,0,1,36,0,0.04,0
4,13568,1,2,1,0,283,1,0.73,1
5,16865,1,5,0,0,26,0,0.15,0
6,19956,4,3,1,0,40,0,0.27,1
4,12304,2,1,0,0,289,0,0.33,0
1,2694,3,2,1,0,178,0,0.56,1
9,29637,2,0,1,1,238,1,0.2,1
4,11264,0,0,1,1,15,1,0.18,0
6,12708,4,3,0,0,80,0,0.79,1
2,6782,3,3,0,0,16,1,0.37,0
7,23352,1,1,1,0,55,0,0.1,0
10,25170,3,4,1,0,9,1,0.62,1
6,22944,4,2,1,1,272,1,0.4,1
9,34065,1,2,1,1,69,0,0.46,1
10,23890,1,6,0,0,119,1,0.05,0
1,2080,4,3,1,0,56,1,0.05,1
8,17240,4,6,1,0,324,0,0.59,1
4,10164,0,4,0,0,250,0,0.31,0
4,12852,0,5,0,1,108,0,0.52,0
6,22764,4,3,1,0,28,1,0.07,1
3,10875,2,6,1,0,203,1,0.2,0
8,23944,0,3,1,1,265,0,0.85,1
9,26433,3,2,1,1,341,1,0.17,1
8,23816,0,4,1,0,287,0,0.88,1
4,11292,0,3,0,0,308,1,0.02,0
5,19390,1,5,0,0,165,0,0.66,0
5,19190,1,4,1,0,147,0,0.77,1
6,20826,0,1,1,0,261,0,0.78,1
1,3984,1,1,0,1,343,1,0.74,0
4,8820,2,3,1,0,297,1,0.08,0
5,18090,3,0,1,1,20,0,0.51,1
2,5804,4,5,1,1,119,1,0.87,1
3,10977,3,2,0,1,308,1,0.02,0
2,5790,4,3,0,0,4,1,0.83,1
5,10380,1,2,1,1,101,1,0.05,0
7,22393,0,0,1,0,211,0,0.02,0
8,25632,3,6,1,0,85,1,0.09,1
3,6414,1,2,1,1,273,1,0.93,1
7,19628,0,5,0,1,70,1,0.79,0
1,2781,0,3,1,0,180,0,0.15,0
7,27020,2,0,1,0,204,0,0.45,0
4,10364,1,2,1,1,35,0,0.65,0
5,10100,2,1,0,1,22,1,0.9,0
5,12690,0,5,1,1,283,0,0.31,0
10,34630,1,4,0,0,311,0,0.21,0
9,26010,0,1,1,1,229,0,0.1,1
7,15085,0,1,1,1,191,1,0.97,1
7,24668,1,2,1,0,272,1,0.4,0
7,20825,1,3,1,0,163,0,0.99,1
9,27999,2,5,0,1,306,1,0.17,0
9,22743,0,1,0,1,83,1,0.36,0
2,6456,1,4,0,1,197,0,0.76,0
4,8120,4,1,0,0,91,1,0.15,0
9,26550,0,4,1,1,142,1,0.39,1
5,13150,0,4,0,1,175,1,0.33,0
6,20688,4,1,0,0,365,1,0.91,1
1,3653,4,1,0,0,268,0,0.83,1
6,23580,1,2,0,1,122,0,0.27,0
4,12424,4,6,1,1,155,1,0.84,1
2,4928,3,5,1,0,72,1,0.64,1
1,3513,1,4,1,0,98,0,0.39,0
4,8244,3,6,1,0,312,0,0.88,1
3,10155,2,4,0,0,113,0,0.21,0
4,12716,1,4,1,1,16,1,0.79,1
6,16098,0,0,0,1,80,1,0.41,0
10,36020,1,3,1,1,134,0,0.98,1
3,10359,4,0,1,1,185,0,0.2,1
5,10710,1,0,1,1,33,1,0.55,0
4,13384,4,2,1,0,343,0,0.12,1
5,13180,0,5,0,1,177,0,0.19,0
7,14224,4,5,1,0,47,1,0.81,1
5,10830,4,1,0,1,312,0,0.52,0
6,12408,4,2,1,0,24,0,0.41,1
7,17514,1,0,1,1,289,1,0.38,0
10,24700,1,0,1,0,263,0,0.8,1
1,2272,1,0,0,1,264,1,0.59,0
7,22141,0,2,0,1,75,1,0.09,0
5,18725,2,2,0,1,144,1,1.0,0
2,4248,4,2,0,1,354,0,0.2,0
8,21936,3,0,1,1,122,0,0.65,1
9,28197,4,0,1,1,151,1,0.97,1
7,16534,0,2,1,1,317,1,0.88,1
10,31580,1,5,1,0,104,1,0.43,1
7,18319,4,5,1,1,32,1,0.31,1
9,34047,4,6,0,0,211,0,0.71,1
1,3013,3,1,1,0,283,0,0.22,1
3,7368,4,2,0,0,11,0,0.61,0
10,32300,1,6,0,1,325,1,0.85,1
9,35523,1,2,0,0,10,1,0.78,1
7,21175,2,5,1,0,38,1,0.62,0
9,22194,3,5,0,1,259,0,0.18,1
7,18256,2,0,0,1,200,0,0.12,0
4,12180,0,5,0,0,292,0,0.06,0
7,23408,0,4,0,0,354,1,0.02,0
9,29853,3,6,0,0,113,1,0.53,1
10,20120,0,6,0,1,45,1,0.83,1
4,13228,4,0,0,0,45,0,0.29,0
3,10098,0,3,1,1,344,0,0.59,0
9,27450,3,2,0,0,153,1,0.7,1
8,31480,3,3,0,1,256,0,0.75,1
1,2564,3,1,1,1,129,0,0.17,1
4,8932,1,2,1,0,364,1,0.72,1
8,31672,3,5,0,1,333,1,0.4,1
10,23660,4,3,0,1,122,0,0.56,1
1,2328,3,2,0,1,46,1,0.79,1
1,3449,1,2,0,1,38,0,0.28,0
4,15224,0,1,1,0,52,0,0.92,1
10,34430,2,2,1,1,99,1,0.1,1
5,18890,4,5,1,1,142,0,0.26,1
8,22176,3,4,0,1,323,0,0.1,1
9,28575,4,3,1,0,205,1,0.47,1
3,11727,0,3,0,1,299,0,0.3,0
1,3192,2,3,0,1,164,0,0.95,0
7,17913,0,2,0,1,152,1,0.78,0
8,31352,3,0,0,0,15,1,0.13,1
8,16520,2,2,0,1,198,1,0.97,1
8,22248,2,6,0,1,348,0,0.28,0
9,21330,3,5,0,1,80,1,0.3,1
6,23526,1,4,1,1,139,0,0.8,1
8,26008,2,5,1,1,83,1,0.43,1
7,25781,4,5,0,0,296,0,0.08,0
1,2654,2,4,1,0,231,1,0.34,0
10,28210,2,0,0,0,335,0,0.42,0
5,14160,4,6,0,0,96,1,0.71,1
4,12104,4,2,1,1,315,1,0.91,1
9,26964,3,2,0,0,5,0,0.85,1
8,30536,4,0,1,1,204,1,0.26,1
2,4298,0,5,1,0,133,1,0.7,0
7,22540,3,0,1,0,18,1,0.06,1
7,24304,4,1,1,1,38,1,0.55,1
10,37990,3,6,1,1,104,1,0.4,1
6,13968,2,0,1,1,216,1,0.34,0
2,7786,1,1,0,0,87,1,0.97,0
6,15342,3,1,1,1,300,0,0.35,1
2,5870,1,4,1,0,256,1,0.07,0
10,24420,3,2,0,1,322,0,0.39,1
9,21636,4,4,1,1,236,1,0.56,1
1,3380,2,0,1,0,108,1,0.55,0
2,4110,1,0,1,1,85,1,0.76,1
8,17480,4,5,1,0,207,1,0.12,1
8,28016,2,3,1,1,285,0,0.41,1
2,4030,2,0,1,0,68,1,0.99,1
4,13044,4,1,0,0,49,0,0.48,0
8,19104,3,0,0,1,75,1,0.09,1
5,13850,3,4,0,0,118,0,0.79,1
6,13308,3,1,1,0,291,1,0.53,1
2,6358,0,4,0,0,139,1,0.14,0
3,11691,2,0,0,0,36,1,0.21,0
7,26208,4,1,0,0,8,1,0.85,1
8,25264,2,0,1,0,225,0,0.96,1
3,11190,2,5,0,1,150,0,0.19,0
9,25137,2,0,1,0,29,1,0.42,1
8,18688,4,1,0,0,49,1,0.88,1
7,22421,2,1,1,0,301,0,0.17,0
10,21750,3,5,0,1,296,0,0.14,1
5,17855,0,5,0,1,248,0,0.03,0
6,22404,1,5,1,1,254,0,0.92,1
4,15804,3,3,1,0,141,1,0.4,1
4,8744,1,4,0,1,201,0,0.68,0
10,39490,3,3,1,1,130,0,0.69,1
8,27744,2,5,1,0,214,0,0.11,1
1,2796,1,4,0,1,150,1,0.01,0
7,23779,2,3,1,1,227,0,0.52,0
6,21186,1,5,1,1,168,1,0.85,1
6,18186,1,6,1,0,218,1,0.36,0
3,8025,0,5,1,1,204,1,0.18,0
8,28128,3,2,0,1,337,0,0.66,1
6,16434,0,5,1,0,7,0,0.89,1
3,9012,2,4,1,0,186,0,0.45,0
3,8760,3,0,1,1,217,1,0.31,1
10,20180,2,3,1,0,95,1,0.8,1
5,18160,2,1,1,1,278,1,0.44,0
4,11724,2,3,1,1,74,0,0.3,0
4,12608,3,4,0,1,292,1,0.42,0
8,22632,3,6,1,0,170,0,0.12,1
1,2979,3,2,1,0,299,1,0.68,1
6,12882,3,5,0,1,29,1,0.0,0
1,2527,1,3,0,1,240,0,0.82,0
8,29792,3,4,1,1,201,0,0.7,1
9,19305,0,0,0,0,273,1,0.34,0
3,8415,4,4,1,0,63,1,0.81,1
10,28410,4,5,1,0,355,0,0.36,1
6,19578,2,4,0,1,243,1,0.15,0
10,24360,2,0,1,0,107,0,0.05,1
3,8562,2,6,0,1,2,0,0.31,0
2,4182,2,0,1,1,243,0,0.7,0
9,21762,0,1,0,1,318,0,0.72,1
7,19502,2,0,1,1,362,0,0.87,1
8,19320,4,5,1,0,122,0,0.0,1
5,11020,4,5,1,1,302,1,0.83,1
6,20100,4,1,0,0,160,1,0.32,0
4,10556,4,2,0,1,149,1,0.45,0
1,3228,3,3,1,0,321,1,0.56,1
10,31400,0,1,1,0,37,0,0.61,1
4,9052,3,4,1,0,274,1,0.19,1
4,14264,2,0,0,0,303,1,0.24,0
7,18382,1,2,1,0,218,1,0.86,1
1,3394,3,6,0,0,318,1,0.18,0
9,23706,2,3,0,1,341,0,0.47,0
5,12435,4,0,1,1,47,1,0.66,1
1,2122,1,4,1,0,147,0,0.0,0
6,17676,0,5,0,1,300,1,0.11,0
1,2684,1,1,0,1,229,1,0.13,0
7,22631,3,5,1,0,168,1,0.07,1
10,26470,2,6,0,0,201,0,0.38,0
8,23944,0,1,0,0,351,1,0.19,0
5,16210,0,6,0,1,209,0,0.18,0
1,2506,3,5,1,1,72,1,0.81,1
10,29790,2,6,1,1,267,0,0.66,1
5,11220,2,2,0,0,297,0,0.77,0
8,21128,1,1,1,0,115,1,0.91,1
6,16140,3,1,0,1,130,1,0.47,0
10,36060,4,5,0,1,209,1,0.48,1
9,26505,4,1,1,0,223,0,0.69,1
10,32570,2,5,1,0,37,1,0.91,1
2,4500,4,3,0,0,344,1,0.34,0
10,32630,3,4,1,1,172,1,0.81,1
10,28590,2,3,1,1,139,0,0.37,1
5,12450,1,0,1,1,286,1,0.72,1
9,30339,3,1,0,1,297,0,0.63,1
6,22194,4,3,0,1,297,0,0.55,0
8,26224,4,5,1,0,60,1,0.69,1
3,10131,1,3,0,1,106,0,0.9,0
10,28640,0,4,1,0,235,0,0.36,1
6,21864,4,2,1,0,109,1,0.82,1
5,12365,2,1,1,1,244,1,0.24,0
9,28413,3,2,1,1,122,1,0.06,1
4,11292,2,4,0,0,217,1,0.89,0
3,9132,2,3,0,0,326,1,0.15,0
2,7460,1,3,1,1,286,0,0.21,0
9,27450,3,0,1,0,159,0,0.12,1
2,4924,2,3,1,0,59,1,0.29,0
8,23424,2,6,1,1,274,0,0.04,1
3,7215,2,3,0,1,260,1,0.02,0
6,14178,2,2,1,0,288,1,0.54,0
8,20192,1,4,0,0,16,0,0.43,0
2,5686,0,5,0,1,308,1,0.48,0
6,17088,4,4,1,1,227,1,0.05,1
5,14555,1,2,1,1,338,0,0.87,1
4,13424,0,5,0,0,234,0,0.38,0
5,14740,0,1,1,0,233,1,0.82,1
3,7704,2,3,0,0,237,0,0.94,0
2,7740,2,0,1,1,60,0,0.77,1
7,19264,1,6,1,0,258,1,0.48,0
8,17320,1,4,1,0,300,1,0.37,1
8,21688,2,4,1,1,271,1,0.11,1
5,11045,4,0,0,0,188,0,0.95,1
1,3521,4,3,0,0,44,1,0.17,0
5,19060,0,3,0,1,30,1,0.22,0
10,22880,1,3,0,0,125,1,0.24,0
8,22056,3,5,0,1,226,1,0.7,1
6,19734,0,1,1,1,341,0,0.66,0
10,37790,4,2,1,1,204,0,0.01,1
8,23776,2,0,0,0,92,0,0.4,0
3,6492,2,4,0,1,309,1,0.59,0
5,12665,3,5,1,1,81,0,0.27,1
8,23856,0,5,0,1,91,0,0.96,1
9,24669,1,3,1,1,205,0,0.41,1
9,18405,2,2,0,0,44,1,0.83,1
4,12196,3,0,0,1,208,1,0.98,1
1,3035,3,4,0,1,217,0,0.15,0
2,5006,3,5,1,1,41,1,0.15,1
8,19664,1,3,1,0,337,0,0.63,1
6,15696,2,6,0,0,80,0,0.59,0
8,22168,2,2,1,1,200,1,0.69,1
4,14808,2,4,1,1,275,1,0.89,1
5,14870,1,1,1,1,337,0,0.18,0
1,2324,1,5,1,0,23,0,0.68,0
7,27769,0,2,1,1,117,1,0.27,0
6,17046,0,1,1,1,136,1,0.42,0
1,3039,4,3,0,0,61,1,0.99,1
3,6627,4,5,0,1,20,0,0.8,1
8,25152,3,6,0,1,310,1,0.64,1
6,22644,4,6,0,0,26,0,0.91,1
7,15393,1,6,1,0,294,1,0.81,1
10,27300,0,5,1,0,360,1,0.41,1
7,27510,2,5,1,0,175,0,0.25,0
7,14896,3,2,0,0,231,0,0.03,0
10,29510,1,0,1,1,181,0,0.79,1
3,7941,2,1,0,0,152,0,0.49,0
2,7304,1,6,1,0,247,1,0.58,0
1,2097,3,1,1,1,161,0,0.49,1
3,7461,4,3,0,0,361,1,0.19,0
4,13568,4,3,0,1,200,0,0.89,1
2,5566,1,2,0,0,124,0,0.07,0
4,11940,3,6,0,1,95,0,0.89,1
4,14620,3,3,1,1,341,1,0.9,1
4,11780,0,0,1,1,39,0,0.86,1
1,3856,1,2,1,0,258,1,0.59,0
8,17792,3,5,0,0,39,1,0.39,1
10,21450,0,5,1,0,54,0,0.43,1
9,34974,3,4,1,1,318,0,0.48,1
9,22311,0,4,0,0,228,0,0.08,0
7,25221,4,3,1,0,179,0,0.79,1
4,12280,2,5,1,0,302,1,0.25,0
8,18064,0,6,0,0,198,0,0.49,0
9,25362,2,1,1,0,231,1,0.9,1
4,9684,3,6,0,1,361,0,0.96,1
10,26460,4,4,1,0,39,1,0.39,1
4,14676,1,2,0,1,198,1,0.45,0
9,19206,1,0,0,0,329,0,0.15,0
9,26721,2,3,0,0,331,0,0.27,0
4,14740,0,6,0,1,133,0,0.0,0
6,20016,0,0,0,1,259,0,0.29,0
4,13144,2,2,0,1,360,0,0.29,0
6,18672,2,1,0,1,345,0,0.19,0
4,15696,2,5,1,0,314,0,0.13,0
10,32280,0,4,1,1,266,1,0.27,1
3,11889,3,6,1,1,71,1,0.62,1
1,2822,0,0,0,1,287,1,0.17,0
6,21774,4,3,1,1,179,1,0.05,1
1,2885,1,6,1,0,181,0,0.08,0
3,9351,1,0,1,1,42,0,0.07,0
3,9351,2,0,1,0,25,1,0.21,0
4,10832,2,1,1,1,263,1,0.77,1
4,14772,3,1,0,1,169,1,0.28,0
9,22374,3,5,1,1,245,0,0.03,1
2,4294,1,1,0,0,146,1,0.39,0
8,17704,3,0,1,0,323,0,0.1,1
10,29600,1,0,1,0,305,1,0.02,1
6,22944,0,6,0,1,133,0,0.84,0
4,11944,4,4,1,0,82,1,0.58,1
5,15245,3,4,1,0,76,0,0.83,1
7,26859,3,4,1,0,8,1,0.09,1
5,14955,3,6,0,1,229,0,0.47,0
1,3188,3,0,0,1,35,1,0.59,0
9,29160,1,1,1,1,235,0,0.2,1
2,7294,4,5,1,0,114,1,0.81,1
9,28521,0,3,0,1,159,0,0.26,0
7,21812,2,3,1,1,132,1,0.06,0
3,9486,0,4,0,0,302,1,0.84,0
2,5742,2,3,0,0,323,0,0.73,0
5,17485,1,6,1,0,253,0,0.58,0
1,3854,3,5,0,0,170,0,0.34,0
4,15884,4,1,1,0,289,1,0.48,1
9,29880,2,0,1,1,218,0,0.21,1
10,27160,4,1,1,1,79,1,0.9,1
9,20043,1,0,0,1,54,1,0.23,0
6,15066,0,1,1,0,214,1,0.34,0
7,17486,4,6,0,1,298,1,0.37,0
8,27048,0,4,1,0,335,0,0.04,1
10,36300,4,5,0,0,130,1,0.57,1
1,3624,2,2,1,1,251,1,0.97,1
3,8139,1,5,0,1,119,0,0.91,0
1,3594,2,5,1,1,285,0,0.51,0
4,12456,3,3,0,1,235,1,0.4,0
1,3116,4,2,0,0,128,0,0.61,0
1,3233,3,5,0,1,231,1,0.47,0
4,14460,2,2,0,0,161,0,0.55,0
6,19854,2,1,0,0,324,0,0.08,0
6,18198,0,5,0,0,25,0,0.47,0
2,5842,2,6,0,1,79,1,0.6,0
3,11424,3,3,0,0,149,1,0.32,0
2,4622,3,6,1,1,343,1,0.45,1
2,7286,4,3,1,0,50,0,0.97,1
1,2368,3,4,1,1,325,1,0.81,1
5,19625,4,3,1,0,302,0,0.95,1
1,2092,2,4,1,0,332,0,0.15,0
10,27200,0,6,1,0,143,0,0.51,1
5,17400,3,0,1,1,266,1,0.95,1
10,26690,2,5,1,1,147,0,0.74,1
8,27784,2,3,1,0,332,1,0.71,1
7,25641,4,3,1,1,99,1,0.2,1
4,10868,0,1,1,1,170,1,0.81,1
9,24849,1,3,0,1,25,1,0.63,0
7,18963,1,2,1,1,338,0,0.06,0
6,22284,2,4,1,0,333,0,0.75,1
8,17416,0,1,1,0,194,1,0.01,1
6,19002,1,2,1,0,64,1,0.18,0
9,21069,0,4,1,1,250,1,0.87,1
2,5526,4,1,1,1,1,0,0.89,1
8,16120,1,6,0,0,163,1,0.58,0
9,23355,1,2,1,1,193,1,0.45,1
1,3986,2,1,0,1,105,0,0.02,0
4,14588,3,3,1,1,182,1,0.65,1
5,15125,4,2,0,1,243,0,0.27,0
1,3491,0,3,0,1,344,1,0.52,0
1,2136,3,6,0,1,187,0,0.52,0
6,19188,2,2,0,1,326,0,0.82,0
8,16576,0,5,0,0,109,1,0.4,0
3,11820,2,4,0,1,41,1,0.45,0
9,18657,3,1,1,0,159,0,0.69,1
9,21249,0,0,1,0,176,1,0.36,1
3,11538,2,2,0,1,252,0,0.87,0
6,20094,0,3,1,0,182,1,0.92,1
8,18032,0,2,0,1,350,0,0.19,0
4,8040,0,5,1,0,306,1,0.26,0
1,2987,2,2,0,1,31,1,0.51,0
4,14180,3,2,0,1,360,0,0.97,1
7,27251,3,4,1,1,125,1,0.6,1
8,19696,1,1,1,0,182,1,0.08,1
1,2180,3,0,1,0,85,1,0.77,1
10,37370,0,4,0,1,274,0,0.99,1
8,23240,0,5,1,0,184,1,0.43,1
7,18165,1,2,1,1,247,1,0.65,0
10,38290,3,4,0,0,159,1,0.03,1
3,10890,1,6,0,0,23,0,0.3,0
4,9356,0,0,1,0,252,0,0.75,1
1,3839,0,4,1,0,53,0,0.89,1
1,2707,3,3,1,0,29,1,0.91,1
8,16200,4,5,1,1,147,1,0.82,1
7,21091,0,3,0,0,44,0,0.16,0
8,18664,0,1,1,0,184,1,0.89,1
8,28080,1,0,1,1,192,1,0.31,1
10,20450,0,1,0,0,308,1,0.12,0
8,16144,2,2,1,0,84,1,0.95,1
7,26859,3,6,1,0,215,1,0.39,1
10,25230,4,6,0,1,64,0,0.93,1
5,12330,1,1,1,0,357,0,0.71,1
5,14025,0,1,1,1,275,1,0.78,1
4,9560,2,2,0,1,230,0,0.94,0
3,9291,0,3,0,0,32,0,0.3,0
8,19888,4,0,0,1,281,0,0.14,1
4,8480,4,5,1,1,322,1,0.11,1
10,31100,3,1,0,0,195,1,0.62,1
4,10052,2,4,0,1,280,1,0.74,0
4,13252,4,5,0,1,183,1,0.66,0
2,7646,1,5,0,1,348,1,0.21,0
4,12020,2,1,0,0,13,0,0.3,0
3,9108,2,1,0,1,142,1,0.94,0
9,27450,3,4,1,1,71,1,0.04,1
6,18042,0,6,0,1,345,0,0.13,0
1,3502,2,3,1,0,101,1,0.35,0
1,2108,3,5,1,1,71,1,0.81,1
8,29944,1,1,1,1,28,0,0.76,1
1,2695,0,3,0,0,138,0,0.54,0
8,27440,2,1,1,1,135,0,0.75,1
6,14730,0,5,0,1,49,1,0.52,0
2,6710,3,6,1,0,132,0,0.35,1
5,17420,3,2,0,0,86,1,0.01,0
3,6162,0,0,1,0,310,0,0.2,0
2,6398,0,1,1,0,276,0,0.97,1
2,5146,0,2,0,1,85,1,0.68,0
3,10869,3,4,1,0,350,0,0.16,1
6,19212,1,4,1,0,115,1,0.49,0
9,34299,3,3,0,1,256,1,0.61,1
7,19537,3,0,0,0,260,0,0.01,0
5,13695,4,4,0,0,20,0,0.18,0
7,22925,0,2,0,1,149,0,0.19,0
3,7788,2,4,1,0,244,1,0.15,0
5,18920,2,0,0,0,299,1,0.14,0
8,29672,4,3,0,0,152,0,0.61,1
2,4774,1,1,1,0,197,1,0.06,0
4,10460,0,3,0,0,210,0,0.9,0
1,2131,1,0,1,0,34,0,0.43,0
3,10737,0,4,0,1,249,1,0.69,0
1,2952,1,5,0,0,142,1,0.53,0
6,15564,2,6,1,0,211,1,0.6,0
10,33030,0,3,0,0,319,0,0.73,1
10,33610,4,0,1,1,195,0,0.82,1
8,28504,4,4,0,1,363,1,0.98,1
5,18540,3,0,0,0,297,0,0.68,0
2,4868,0,0,1,0,161,0,0.51,0
4,9320,2,6,1,0,217,0,0.24,0
10,22360,1,2,1,0,274,0,0.93,1
9,29043,2,0,0,1,211,1,0.91,1
9,23184,1,1,0,0,51,0,0.45,0
7,19985,4,0,1,0,179,1,0.62,1
1,2268,3,6,0,0,213,1,0.73,1
3,9777,3,0,1,0,165,1,0.77,1
4,9116,3,3,1,1,126,0,0.87,1
5,19130,1,1,1,1,158,1,0.85,1
2,4102,3,5,1,1,271,0,0.6,1
7,16611,4,2,0,0,43,1,0.83,1
4,9560,4,5,1,0,45,0,0.5,1
4,14008,0,5,1,0,264,1,0.12,0
4,12408,4,5,1,1,171,0,0.68,1
1,2019,1,6,1,1,38,0,0.3,0
10,36910,1,0,1,1,95,0,0.18,1
5,19705,0,4,1,1,301,0,0.89,1
7,15610,0,1,0,1,338,1,0.42,0
3,8163,0,5,0,1,199,1,0.96,0
6,18312,0,4,0,0,106,1,0.58,0
8,29024,1,4,1,0,194,0,0.07,1
4,15316,4,2,1,1,235,0,0.08,1
9,23229,2,6,0,1,86,1,0.06,0
9,30249,4,5,1,0,348,1,1.0,1
3,11367,0,3,1,1,3,0,0.67,0
9,19071,3,2,1,1,44,1,0.55,1
3,10029,3,5,1,1,281,1,0.48,1
2,5574,2,2,1,1,294,1,0.37,0
5,16900,1,3,0,1,222,1,0.83,0
7,16751,1,6,1,0,102,1,0.25,0
1,3116,1,1,1,0,256,0,0.47,0
6,19968,3,0,1,1,103,0,0.17,1
8,18408,1,4,0,1,203,0,0.8,1
4,10832,4,1,1,0,37,1,0.29,1
10,37990,3,4,0,1,65,0,0.41,1
5,12680,3,3,1,0,48,0,0.02,1
10,29190,1,1,0,1,212,1,0.58,0
8,29136,1,5,1,0,271,0,0.16,1
8,30376,3,3,0,1,280,0,0.98,1
8,27488,4,0,1,1,118,0,0.1,1
4,8280,1,2,0,1,15,1,0.92,0
2,5600,1,3,1,0,202,1,0.3,0
7,18984,1,2,0,1,291,1,0.14,0
8,26080,0,5,1,0,13,1,0.58,1
9,19881,0,2,1,0,244,0,0.32,1
9,27180,1,5,0,1,314,1,0.3,0
9,26217,0,2,0,1,257,1,0.14,0
6,13896,1,0,1,1,172,1,0.75,1
7,23709,1,1,1,1,164,0,0.31,0
9,21888,2,3,0,1,52,0,0.67,0
9,35325,3,5,1,0,61,0,0.47,1
1,2407,0,3,0,1,213,1,0.5,0
2,7234,0,6,0,0,290,1,0.91,0
9,28836,4,6,0,0,357,1,0.28,1
5,11390,4,6,1,1,112,1,0.84,1
6,13164,4,3,1,1,91,1,0.01,1
3,10014,0,4,0,0,136,0,0.06,0
4,15204,3,4,0,0,214,0,0.19,0
4,13376,4,6,0,0,99,1,0.97,1
10,37560,0,6,0,1,313,1,0.6,0
7,18816,0,2,1,1,310,1,0.76,1
8,29584,4,5,0,0,19,1,0.98,1
2,7342,2,2,1,0,239,0,0.32,0
6,20880,4,1,0,0,173,0,0.35,0
8,16576,0,2,0,0,231,1,0.4,0
3,7668,4,3,1,1,182,1,0.02,1
5,13695,2,6,1,0,253,0,0.79,1
6,21054,1,0,1,1,155,0,0.61,0
9,25317,2,3,1,0,45,0,0.55,1
10,30910,3,6,0,1,265,1,0.03,1
9,30870,1,5,0,1,107,0,0.13,0
3,7752,4,0,0,1,213,1,0.73,1
8,19440,3,6,1,0,159,0,0.22,1
10,24920,2,2,1,0,79,1,0.86,1
10,36510,2,4,0,0,39,0,0.54,0
8,30408,1,1,1,1,23,0,0.41,1
5,11685,2,5,0,0,175,1,0.76,0
10,29400,2,3,0,1,65,1,0.4,0
4,11648,3,5,1,0,87,1,0.84,1
6,17388,0,0,1,1,208,0,0.34,0
3,10008,0,4,0,1,192,1,0.33,0
3,7056,3,5,0,1,363,1,0.42,0
7,18270,4,2,0,1,124,1,0.22,0
1,3243,0,5,0,1,230,1,0.89,0
7,19201,4,3,0,1,65,1,0.26,0
3,10665,4,5,1,1,215,1,0.46,1
2,6704,0,2,1,1,86,0,0.28,0
10,31880,1,6,0,0,298,1,0.63,0
6,20472,2,6,1,1,101,0,0.29,0
3,11859,0,2,0,1,226,1,0.8,0
10,20900,4,0,1,0,15,1,0.88,1
6,23310,2,2,0,0,300,1,0.94,0
2,6290,0,5,1,0,14,1,0.76,1
7,20237,4,1,0,1,213,1,0.75,1
10,26670,2,6,0,0,29,0,0.44,0
1,3690,2,3,1,1,58,0,0.13,0
4,10628,4,2,0,0,363,1,0.85,1
2,6256,2,6,0,1,116,1,0.44,0
7,20097,2,0,1,0,285,0,0.61,0
5,14755,3,0,1,0,290,1,0.68,1
9,30492,1,4,1,1,72,0,0.64,1
8,25296,4,2,0,1,362,1,0.34,1
2,7698,1,6,1,0,109,1,0.9,1
10,28190,3,2,0,0,311,1,0.81,1
9,23337,1,5,0,1,136,1,0.84,1
7,22960,2,6,1,0,344,1,0.41,0
2,6082,0,3,0,1,90,1,0.54,0
10,39970,4,2,1,0,290,0,0.56,1
1,2741,2,1,0,1,155,0,0.17,0
6,19146,3,3,0,0,24,1,0.16,0
8,24168,4,1,1,0,89,1,0.71,1
8,24776,0,6,1,1,275,0,0.86,1
10,33560,2,3,1,1,235,1,0.36,1
9,33471,3,2,0,0,274,0,0.8,1
1,3929,4,0,0,0,95,1,0.35,0
10,24790,1,4,0,1,93,0,0.54,0
10,27030,4,0,0,0,188,0,0.8,1
3,9132,1,4,1,0,188,1,0.08,0
9,18855,3,5,0,1,166,0,0.01,1
2,5176,3,5,0,0,152,1,0.31,0
3,9537,4,4,0,1,248,0,0.97,1
1,3669,0,4,1,0,216,1,0.56,0
8,29536,3,5,0,1,216,1,0.18,1
2,7202,3,5,1,0,136,0,0.44,1
8,29704,0,5,0,0,202,0,0.88,1
6,24000,1,5,1,0,89,1,0.1,0
4,9532,0,0,0,1,79,1,0.49,0
2,5686,4,2,1,1,283,1,0.25,1
6,19812,3,0,0,1,115,0,0.8,1
4,9432,1,0,0,0,201,1,0.42,0
2,5758,0,5,1,1,170,1,0.69,0
6,16884,2,3,0,0,48,0,0.57,0
8,22472,0,0,0,0,331,0,0.4,0
2,5854,4,0,1,0,134,0,0.27,1
5,11285,1,1,0,0,214,0,0.63,0
8,25128,3,1,0,1,209,1,0.62,1
3,7233,1,2,1,0,213,0,0.03,0
5,17765,1,5,0,0,147,1,0.01,0
6,20052,3,5,1,0,45,1,0.78,1
5,12235,0,5,0,1,158,1,0.85,0
7,23954,4,1,0,0,217,1,0.29,0
3,9426,3,0,1,0,293,1,0.66,1
4,9168,4,4,0,1,349,0,0.35,0
4,11788,4,2,1,1,231,0,0.11,1
10,31220,3,1,1,0,273,1,0.22,1
5,13390,3,6,0,0,124,1,0.35,0
4,9344,4,6,1,1,90,1,0.43,1
3,6075,3,3,1,1,224,0,0.32,1
2,6596,1,6,0,0,112,1,0.87,0
9,27513,3,1,1,0,167,0,0.95,1
1,3395,2,3,1,1,284,1,0.41,0
5,14350,3,6,1,0,275,1,0.1,1
1,3335,4,4,1,0,67,1,0.58,1
3,7959,3,3,1,0,136,0,0.39,1
2,7800,3,2,1,0,218,1,0.15,1
4,14308,2,5,0,1,148,1,0.03,0
7,23716,0,4,1,0,317,0,0.14,0
9,23571,4,6,1,1,116,1,0.36,1
1,3992,4,6,1,1,270,0,0.78,1
7,24633,1,1,1,1,138,1,1.0,1
10,23920,1,2,1,1,122,1,0.75,1
8,18216,0,1,0,1,147,0,0.97,1
6,14610,4,1,1,0,113,1,0.37,1
2,4090,0,5,1,0,56,0,0.62,0
3,7155,0,5,0,0,227,1,0.9,0
9,32571,3,3,1,1,101,0,0.88,1
8,16192,1,3,1,0,300,0,0.91,1
8,27600,3,6,0,0,325,0,0.23,1
2,6554,4,3,1,0,47,0,0.84,1
9,19773,4,6,1,1,133,1,0.31,1
2,4376,0,6,0,1,54,1,0.07,0
6,22218,3,3,1,0,235,0,0.85,1
5,12190,2,0,1,0,326,1,0.66,0
2,5672,3,0,0,0,316,1,0.82,1
1,3519,2,3,1,0,313,0,0.72,1
3,7344,2,3,0,1,301,0,0.54,0
6,21804,2,6,1,1,89,1,0.84,1
3,11886,2,5,0,1,38,0,0.18,0
6,23328,4,0,1,1,189,1,0.85,1
3,7854,2,3,1,1,47,0,0.71,1
8,30808,1,1,1,1,117,0,0.59,1
1,3729,4,5,1,0,320,1,0.28,1
3,6075,3,5,1,1,213,1,0.54,1
1,3611,4,5,0,0,351,1,0.08,0
6,16770,2,1,1,0,296,1,0.46,0
7,21098,3,2,0,0,143,0,0.09,0
1,2221,4,5,0,1,47,1,0.49,0
2,7026,0,3,1,1,83,0,0.62,0
8,31144,0,4,0,1,117,0,0.94,1
1,2004,1,4,0,0,339,1,0.88,0
2,5780,4,5,1,0,79,0,0.4,1
8,18696,2,3,1,1,241,0,0.88,1
9,18837,3,2,0,1,158,1,0.77,1
8,18832,3,1,0,1,310,0,0.18,1
2,7840,3,3,1,1,112,0,0.79,1
10,21020,2,5,0,1,304,0,0.76,1
8,24256,3,0,0,0,159,1,0.81,1
4,11612,1,0,1,1,15,0,0.05,0
6,19272,0,3,0,1,263,0,0.52,0
4,8284,4,1,1,0,297,1,0.89,1
6,21192,3,2,1,1,197,0,0.92,1
3,8466,2,4,1,0,102,0,0.65,0
9,24669,1,5,1,0,357,0,0.71,1
8,18136,4,0,1,1,205,0,0.66,1
7,27244,4,5,0,0,136,1,0.54,0
10,21080,2,0,0,0,307,0,0.35,0
7,21203,2,2,0,1,191,1,0.54,0
8,21072,4,1,1,0,105,0,0.92,1
9,29106,3,4,1,1,13,0,0.46,1
3,8388,4,0,0,1,66,0,0.3,0
9,19827,3,5,0,0,138,0,0.91,1
9,22662,2,5,0,1,172,0,0.93,1
3,6807,3,1,0,0,273,1,0.22,0
3,6780,3,6,1,0,76,0,0.88,1
2,6648,0,6,1,0,213,1,0.05,0
8,28840,4,0,1,1,284,0,0.37,1
8,29680,0,1,1,0,246,0,0.36,1
7,24430,4,4,0,0,272,1,0.03,0
1,2203,4,0,1,0,291,1,0.77,1
2,7928,1,4,0,1,241,0,0.29,0
5,13555,2,2,0,0,144,1,0.07,0
1,3039,3,6,1,1,349,1,0.92,1
9,18144,0,5,1,0,245,0,0.97,1
3,9387,4,1,0,1,288,0,0.59,0
8,16736,2,5,0,1,254,1,0.47,0
3,9861,2,1,1,0,217,0,0.8,1
6,22452,0,6,0,1,229,1,0.76,0
3,11040,4,3,1,1,161,1,0.67,1
5,10625,4,2,0,1,207,0,0.55,0
4,15548,0,1,1,1,151,0,0.22,0
4,14088,4,4,0,0,338,1,0.48,0
10,28550,2,3,0,0,20,1,0.18,0
2,4194,1,5,1,1,74,0,0.46,0
5,13350,1,0,0,0,156,0,0.85,0
3,6246,3,1,0,0,216,1,0.71,1
2,7692,4,5,1,1,333,0,0.65,1
3,7545,3,5,0,1,193,0,0.41,0
1,2744,4,5,0,0,203,0,0.07,0
5,12220,3,5,1,0,39,1,0.43,1
2,4120,3,2,0,1,288,1,0.29,0
8,31312,3,5,1,0,8,1,0.71,1
9,32193,1,5,0,1,101,1,0.63,0
8,24448,4,0,0,0,264,1,0.73,1
10,21230,3,6,1,1,188,1,0.92,1
2,7356,3,0,0,1,242,0,0.01,0
10,33350,4,4,1,0,274,0,0.24,1
3,7275,4,6,0,1,32,1,0.8,1
3,8196,3,0,0,1,77,1,0.83,1
1,3713,4,4,0,1,334,1,0.94,1
10,36140,4,4,0,0,224,0,0.19,1
8,22008,4,6,0,1,242,0,0.7,1
10,23860,1,6,0,1,90,0,0.02,0
1,3672,4,2,1,0,21,1,0.9,1
6,21018,4,0,0,0,89,1,0.21,0
5,12715,2,2,0,1,360,1,0.75,0
10,37830,4,6,0,0,27,0,0.32,1
6,23880,1,2,0,1,317,0,0.17,0
8,24088,1,1,1,0,143,0,0.34,1
6,20022,3,3,1,0,205,1,0.38,1
10,30330,1,4,1,1,65,0,0.99,1
6,13536,0,5,0,0,53,1,0.35,0
9,24759,0,0,0,1,77,1,0.0,0
3,7650,4,6,1,1,294,1,0.53,1
5,14340,2,2,0,1,108,1,0.91,0
7,18900,2,4,0,1,34,0,0.73,0
5,17745,0,1,1,1,239,0,0.97,1
4,11444,3,0,1,1,72,1,0.24,1
10,26900,0,5,1,1,91,0,0.06,1
10,39680,4,1,0,0,314,1,0.98,1
10,38760,0,5,0,1,89,1,0.04,0
9,25677,3,2,0,1,362,0,0.14,1
6,17898,1,3,1,1,269,0,0.14,0
4,11768,1,6,0,0,328,0,0.91,0
2,6388,3,0,1,0,314,0,0.2,1
7,20797,4,4,0,1,192,0,0.32,0
8,26016,1,6,1,1,362,0,0.1,1
7,22176,1,1,1,1,268,0,0.36,0
1,3113,0,2,1,1,120,0,0.94,1
8,19976,4,2,0,1,294,1,0.46,1
5,17615,4,1,1,0,58,0,1.0,1
5,10185,4,6,1,1,40,0,0.79,1
7,17682,2,0,0,0,163,1,0.37,0
2,7324,4,1,1,0,134,0,0.36,1
6,13050,1,5,0,1,289,0,0.72,0
3,8949,1,2,1,0,246,0,0.09,0
2,4478,3,5,1,1,125,1,0.45,1
1,3288,2,3,1,1,135,0,0.05,0
7,19817,1,3,1,0,32,1,0.6,0
2,4052,4,1,0,0,305,1,0.03,0
3,8292,3,6,1,1,170,0,0.64,1
7,23702,2,2,0,0,286,1,0.45,0
3,8877,2,2,1,1,302,0,0.11,0
1,3928,4,4,1,0,124,0,0.53,1
8,28256,4,4,1,1,127,0,0.82,1
4,10628,1,1,1,1,58,1,0.89,1
8,16864,1,3,1,0,271,1,0.27,1
8,18072,4,1,0,0,299,1,0.35,1
3,6831,4,6,0,0,243,0,0.23,0
7,20874,2,5,1,0,80,0,0.12,0
4,9276,0,1,1,0,61,0,0.03,0
6,19380,0,3,1,0,168,0,0.96,1
3,10344,2,2,1,0,265,1,0.82,1
10,23530,0,4,1,1,48,0,0.14,1
5,14140,2,1,1,1,345,1,0.47,0
10,36490,4,2,0,0,13,1,0.3,1
10,34060,1,2,0,0,72,1,0.57,0
1,3996,2,2,0,0,96,1,0.15,0
1,2328,4,0,1,1,297,1,0.95,1
8,16616,3,2,0,0,187,0,0.97,1
10,33380,3,3,0,0,44,0,0.39,1
6,12162,2,5,1,1,156,0,0.54,0
7,18319,2,4,1,1,91,1,0.64,0
9,20646,4,5,0,0,41,0,0.88,1
3,10056,1,3,1,0,81,0,0.48,0
2,7148,1,6,1,1,219,0,0.32,0
4,14716,0,3,0,0,16,0,0.68,0
8,31952,0,3,0,0,179,0,0.49,0
6,23628,2,1,0,1,319,0,0.52,0
5,11070,2,4,0,1,336,0,0.97,0
3,10401,2,4,1,1,265,0,0.26,0
9,32841,3,4,0,1,163,1,0.08,1
2,7884,1,0,0,0,205,1,0.76,0
6,18042,3,0,0,0,295,0,0.2,0
1,3029,0,4,1,1,187,0,0.77,1
2,6492,2,2,0,0,321,1,0.89,0
5,16275,4,4,0,1,187,0,0.51,0
8,26832,0,6,0,0,57,1,0.25,0
1,2362,3,6,1,0,237,0,0.79,1
1,2048,2,5,1,1,358,0,0.61,0
2,6186,3,3,1,0,98,0,0.08,1
4,15120,0,0,1,0,118,0,0.65,0
9,28593,1,6,1,0,262,0,0.57,1
10,25180,4,0,1,1,337,1,0.08,1
6,19254,0,6,1,0,270,0,0.0,0
1,3290,4,3,0,0,355,0,0.98,1
8,17616,1,0,1,1,123,0,0.55,1
10,23000,0,0,0,0,181,0,0.26,0
5,12900,3,0,1,0,282,0,0.8,1
6,16764,3,1,0,0,223,1,0.72,1
1,2063,2,3,0,1,2,1,0.53,0
8,22056,2,2,1,0,32,1,0.92,1
3,10953,2,0,0,1,295,0,0.13,0
4,9236,4,3,1,1,15,0,0.39,1
5,13150,4,0,0,0,55,0,0.75,1
1,3966,4,4,0,0,338,1,0.55,0
8,27392,0,3,0,0,202,0,0.66,0
1,2586,1,1,0,0,5,1,0.88,0
5,16380,2,4,0,0,154,1,0.48,0
2,7346,4,4,0,0,322,1,0.49,0
10,30530,1,5,1,1,208,0,0.24,1
7,17269,3,0,0,1,138,0,0.54,0
2,6140,3,4,0,1,139,0,0.01,0
10,24220,0,4,1,1,202,0,0.9,1
3,8019,1,0,0,1,31,0,0.46,0
7,16947,3,1,1,1,41,0,0.77,1
10,23470,2,4,1,0,139,1,0.36,1
5,10810,2,4,1,0,328,0,0.26,0
2,6852,4,0,1,0,94,1,0.22,1
7,15694,0,5,1,1,170,1,0.24,0
1,2074,3,0,1,0,39,1,0.37,1
3,6210,2,6,1,1,267,1,0.4,0
8,21128,3,1,0,0,152,0,0.34,1
5,16325,2,3,1,0,88,0,0.13,0
10,28920,2,2,0,1,20,1,0.11,0
1,3362,3,6,1,0,294,0,0.02,1
3,6834,0,0,0,0,223,1,0.63,0
10,36580,3,4,0,1,234,1,0.51,1
4,15188,0,4,0,0,171,0,0.34,0
5,12590,1,5,1,1,172,0,0.26,0
5,18655,1,5,0,1,335,1,0.5,0
10,29620,2,4,1,1,313,1,0.78,1
4,15580,3,5,0,0,249,0,0.96,1
2,5542,4,2,0,1,124,1,0.12,0
6,15456,0,2,1,1,271,1,0.39,0
5,17770,0,4,0,1,291,1,0.84,0
2,6172,0,6,1,0,196,1,0.99,1
6,20400,0,2,1,0,298,0,0.55,0
10,34070,1,0,0,1,356,0,0.44,0
8,29760,1,1,0,1,65,1,0.58,0
6,17298,0,2,1,1,89,0,0.91,1
2,5046,0,5,0,1,342,1,0.93,0
4,8484,1,4,0,0,337,1,0.62,0
9,18657,0,4,1,0,62,1,0.45,1
5,12100,2,1,0,1,319,0,0.88,0
7,22001,0,6,0,1,336,0,0.26,0
3,6678,3,6,0,0,92,0,0.01,0
8,17480,2,3,0,1,325,0,0.9,1
3,10938,0,2,0,1,47,1,0.19,0
5,12470,1,4,1,1,3,0,0.33,0
5,14830,3,1,0,1,294,0,0.9,1
3,9780,2,4,0,1,17,0,0.85,0
4,9012,1,6,1,0,363,1,0.61,0
10,27830,3,6,1,1,271,1,0.62,1
6,23286,0,1,0,0,100,1,0.57,0
9,24525,4,5,1,0,358,0,0.73,1
6,13362,1,0,0,1,164,0,0.23,0
6,22278,4,0,0,0,154,0,0.22,0
9,30789,3,3,1,1,193,0,0.76,1
2,5422,0,1,0,0,142,0,0.87,0
9,23490,4,1,1,0,347,0,0.13,1
1,2162,2,4,0,0,195,1,0.0,0
8,17392,3,6,1,1,106,1,0.26,1
7,23373,1,0,1,0,80,0,0.19,0
10,27970,0,6,1,1,347,1,0.85,1
4,15316,0,5,1,1,228,1,0.14,0
9,22509,0,4,0,0,139,1,0.91,1
3,11178,3,6,0,1,313,0,0.75,1
6,20526,3,6,0,1,61,1,0.52,0
10,28310,1,2,0,1,103,1,0.25,0
8,17896,3,4,0,0,47,1,0.4,1
3,6984,0,3,0,1,75,0,0.34,0
7,17220,2,6,0,0,209,1,0.24,0
8,16112,0,5,1,0,8,1,0.16,1
2,7974,0,1,0,0,134,1,0.28,0
3,10323,2,5,1,0,112,1,0.97,1
1,2966,3,2,0,1,236,1,0.28,0
10,36730,0,6,1,0,7,1,0.94,1
10,28580,4,0,1,1,217,1,0.35,1
9,27018,2,5,0,0,324,1,0.96,1
4,9624,2,4,1,1,274,1,0.35,0
7,26208,2,3,0,0,252,0,0.18,0
10,38580,2,0,1,0,106,0,0.27,1
6,18822,1,5,1,1,99,0,0.98,1
7,20328,0,1,1,0,232,0,0.92,1
1,3064,1,3,0,0,353,1,0.31,0
5,19515,0,2,0,0,151,0,0.09,0
9,20457,4,2,1,1,279,0,0.78,1
10,23800,2,1,0,1,34,0,0.39,0
3,9453,4,1,0,0,225,1,0.83,1
6,20094,0,6,0,0,351,0,0.28,0
2,6950,4,3,1,1,64,1,0.85,1
3,8202,3,1,0,0,2,1,0.76,1
9,25020,0,2,1,0,99,1,0.19,1
2,5928,0,2,0,0,79,1,0.75,0
4,14268,1,6,1,1,269,1,0.14,0
10,24830,2,0,0,0,169,1,0.16,0
5,16885,0,3,0,1,282,1,0.97,0
8,20976,1,3,0,0,277,0,0.96,1
4,10564,1,2,0,1,129,1,0.14,0
9,35460,4,3,0,0,173,0,0.45,1
8,26232,0,4,1,0,221,0,0.06,1
5,12920,4,3,1,0,302,1,0.19,1
4,15044,1,2,1,1,160,0,0.59,0
2,5970,2,3,0,1,120,1,0.35,0
10,39480,1,5,0,1,199,1,0.49,0
5,16275,4,2,1,1,45,1,0.21,1
